,start_datetime,end_datetime
0,,2023-03-27 12:15:00-04:00
1,,2023-03-27 21:00:00-04:00
2,,2023-03-27 15:00:00-04:00
3,,2023-03-27 20:00:00-04:00
4,,2023-03-27 20:00:00-04:00
5,,2023-03-27 18:30:00-04:00
6,,
7,,
8,,2023-03-27 20:00:00-04:00
9,2023-03-28 12:00:00,2023-03-27 13:00:00-04:00
10,,2023-03-27 21:00:00-04:00
11,,2023-03-27 12:00:00-04:00
12,,2023-03-27 17:00:00-04:00
13,,2023-03-27 11:30:00-04:00
14,,2023-03-27 19:30:00-04:00
15,,2023-03-27 18:00:00-04:00
16,,2023-03-27 17:00:00-04:00
17,,2023-03-27 13:30:00-04:00
18,,2023-03-27 16:00:00-04:00
19,,2023-03-27 18:15:00-04:00
20,,2023-03-27 22:00:00-04:00
21,,2023-03-27 20:15:00-04:00
22,,2023-03-27 18:00:00-04:00
23,,2023-03-27 18:00:00-04:00
24,,2023-03-27 15:30:00-04:00
25,,2023-03-27 17:00:00-04:00
26,,2023-03-27 15:30:00-04:00
27,,2023-03-27 18:00:00-04:00
28,,2023-03-27 20:30:00-04:00
29,,2023-03-27 20:00:00-04:00
30,,2023-03-27 18:00:00-04:00
31,,
32,,2023-03-27 20:00:00-04:00
33,,
34,,2023-03-27 19:00:00-04:00
35,,2023-03-27 21:00:00-04:00
36,,2023-03-27 19:00:00-04:00
37,,2023-03-27 21:30:00-04:00
38,,2023-03-27 20:30:00-04:00
39,,
40,,2023-03-27 19:45:00-04:00
41,,
42,,
43,,
44,,
45,,2023-03-27 19:45:00-04:00
46,,2023-03-27 21:00:00-04:00
47,,2023-03-27 13:00:00-04:00
48,,2023-03-27 16:30:00-04:00
49,,2023-03-27 16:30:00-04:00
50,,2023-03-27 18:00:00-04:00
51,,2023-03-27 21:00:00-04:00
52,,2023-03-27 16:00:00-04:00
53,,2023-03-27 12:00:00-04:00
54,,2023-03-27 20:30:00-04:00
55,,2023-03-27 15:00:00-04:00
56,,2023-03-27 21:00:00-04:00
57,,2023-03-27 15:00:00-04:00
58,,2023-03-27 13:30:00-04:00
59,,
60,,2023-03-27 22:00:00-04:00
61,,2023-03-27 13:00:00-04:00
62,,
63,,
64,,2023-03-27 20:30:00-04:00
65,,2023-03-27 21:00:00-04:00
66,,2023-03-27 19:00:00-04:00
67,,
68,,2023-03-27 18:30:00-04:00
69,,2023-03-27 12:00:00-04:00
70,,2023-03-27 18:30:00-04:00
71,,2023-03-27 13:00:00-04:00
72,,2023-03-27 14:30:00-04:00
73,,2023-03-27 11:45:00-04:00
74,,2023-03-27 13:30:00-04:00
75,,
76,,2023-03-27 14:00:00-04:00
77,,2023-03-27 17:00:00-04:00
78,2023-04-26 08:30:00,2023-04-27 13:30:00-04:00
79,,2023-03-27 12:00:00-04:00
80,,2023-03-27 20:30:00-04:00
81,,2023-03-27 19:00:00-04:00
82,,
83,,2023-03-27 21:00:00-04:00
84,,2023-03-27 12:00:00-04:00
85,,2023-03-27 21:30:00-04:00
86,,2023-03-27 15:00:00-04:00
87,,2023-03-27 20:30:00-04:00
88,,
89,,2023-03-27 19:00:00-04:00
90,,2023-03-27 15:00:00-04:00
91,,2023-03-27 20:30:00-04:00
92,,2023-03-27 20:30:00-04:00
93,,2023-03-27 16:30:00-04:00
94,,2023-03-27 12:00:00-04:00
95,,2023-03-27 17:00:00-04:00
96,,2023-03-27 21:00:00-04:00
97,,2023-03-27 20:30:00-04:00
98,,2023-03-27 17:30:00-04:00
99,,
100,,
101,,2023-03-27 21:00:00-04:00
102,,
103,,2023-03-27 20:00:00-04:00
104,,
